,oindex,PictureURL,WorkerId,HITid,AssignmentId,Approve,Reject,x1,y1,width,height,Label,Destination
0,12,https://cfshopeesg-a.akamaihd.net/file/78424c80608a1f857b9db94ba3d60622,A1SX029RSF5OJZ,3GKAWYFRAPZFZZMD3H1C9V6CDO1DP3,31QNSG6A5SZHZHKGGP1HB1XB8B287N,,,74,178,171,160,babydress,C:\Users\alfred.datui\Desktop\imageprep\categories\babycoat\pictures\264569140_78424c80608a1f857b9db94ba3d60622.jpg
1,57,https://cfshopeesg-a.akamaihd.net/file/3d685f0beb0e433b8cbe01b2783259d4,A1SX029RSF5OJZ,3YD0MU1NC27SVMF1NLGTJ87LSRYA7R,3EWIJTFFVPDKQ7UN8T28OWJAB0UE0S,,,317,325,151,155,babydress,C:\Users\alfred.datui\Desktop\imageprep\categories\babycoat\pictures\90262196_3d685f0beb0e433b8cbe01b2783259d4.jpg
2,88,https://cfshopeesg-a.akamaihd.net/file/133b6a7caa2740ffae0adb4513a3ea54,A3G2NE6QE5W5R,34HEO7RUG602D5ZGWZEZOPYLT3RRA6,3KMS4QQVK3WE9B1N7XWWPYJJ1ZEKFL,,,14,15,486,485,babydress,C:\Users\alfred.datui\Desktop\imageprep\categories\babycoat\pictures\178857196_133b6a7caa2740ffae0adb4513a3ea54.jpg
3,93,https://cfshopeesg-a.akamaihd.net/file/ada514ba3a4c6d4ede956693796b2740,A2CXEAMWU2SFV3,33TGB4G0LPNRPXK1BYB88CA1I9XXTT,3HMIGG0U4MC0E1GH3YRHOEH8CA9Y8C,,,133,6,305,494,babycoat,C:\Users\alfred.datui\Desktop\imageprep\categories\babycoat\pictures\100369779_ada514ba3a4c6d4ede956693796b2740.jpg
4,101,https://cfshopeesg-a.akamaihd.net/file/bad7daeb5295787f65778b4e3199daf7,A2CXEAMWU2SFV3,38XPGNCKHT6F4N0GWI9ICJ1OMZ94V2,336YQZE83WKHX281MXW3IZKA1A2M5G,,,50,73,422,420,babydress,C:\Users\alfred.datui\Desktop\imageprep\categories\babycoat\pictures\77884078_bad7daeb5295787f65778b4e3199daf7.jpg
5,109,https://cfshopeesg-a.akamaihd.net/file/281effc03f4536b3c5dba414569f980d,A3G2NE6QE5W5R,3KTCJ4SCVG7FM19OV8PPRPB8JMNM1Q,3TEM0PF1Q63FY1GNCYROIE1PBOT0DL,,,68,102,333,305,babyonesie,C:\Users\alfred.datui\Desktop\imageprep\categories\babycoat\pictures\77899780_281effc03f4536b3c5dba414569f980d.jpg
6,118,https://cfshopeesg-a.akamaihd.net/file/817929d187b6fa301fccf1cbf6e285b6,A3G2NE6QE5W5R,3AJA9FLWSC4KGXD5HS6IOY8L3NLIF6,3PB5A5BD0WCWSWQYZND53EE9WUEG7A,,,3,84,487,313,babyslings,C:\Users\alfred.datui\Desktop\imageprep\categories\babycoat\pictures\100593949_817929d187b6fa301fccf1cbf6e285b6.jpg
7,153,https://cfshopeesg-a.akamaihd.net/file/fb48c567bcdb8cfd0ffed89bfbb18e48,A1BZUM7HG83VC8,39O6Z4JLX2362POQGTBN9UYMFUDVX7,3VAR3R6G1Q7OKNCFXBIJMNJ6Y0C8OD,,,30,39,438,361,babydress,C:\Users\alfred.datui\Desktop\imageprep\categories\babycoat\pictures\84766931_fb48c567bcdb8cfd0ffed89bfbb18e48.jpg
8,168,https://cfshopeesg-a.akamaihd.net/file/fccb7eab5d618d7d4080365c9dddf14d,A3G2NE6QE5W5R,3MJ28H2Y1EE2AMVJ9B6EMJDUQ275O6,3EWIJTFFVPDKQ7UN8T28OWJAB0TE0R,,,133,22,292,463,babydress,C:\Users\alfred.datui\Desktop\imageprep\categories\babycoat\pictures\187059376_fccb7eab5d618d7d4080365c9dddf14d.jpg
9,173,https://cfshopeesg-a.akamaihd.net/file/65b8b755df33f88b70cc8a627575fa11,A2CXEAMWU2SFV3,3KG2UQJ0MJU9LNE5SOU4558GWOOQNO,3GGAI1SQEW42WNHG17JBW5QKTRHMCH,,,38,0,246,457,babycoat,C:\Users\alfred.datui\Desktop\imageprep\categories\babycoat\pictures\84789094_65b8b755df33f88b70cc8a627575fa11.jpg
10,173,https://cfshopeesg-a.akamaihd.net/file/65b8b755df33f88b70cc8a627575fa11,A2CXEAMWU2SFV3,3KG2UQJ0MJU9LNE5SOU4558GWOOQNO,3GGAI1SQEW42WNHG17JBW5QKTRHMCH,,,308,7,189,434,babyshirt,C:\Users\alfred.datui\Desktop\imageprep\categories\babycoat\pictures\84789094_65b8b755df33f88b70cc8a627575fa11.jpg
11,188,https://cfshopeesg-a.akamaihd.net/file/ef634160110eca66f81f2660b7e5ae54,A3G2NE6QE5W5R,3JUDR1D0D6XDW1PC65WKDH5ILTXQ2X,3OB0CAO74IVT7CHA62LN1RA7FT0HYB,,,96,0,340,500,babydress,C:\Users\alfred.datui\Desktop\imageprep\categories\babycoat\pictures\100798768_ef634160110eca66f81f2660b7e5ae54.jpg
12,234,https://cfshopeesg-a.akamaihd.net/file/c1c6bdca23915205dcfbced39d670ad9,A3G2NE6QE5W5R,3MDWE879UH81SF8M8WE9SFIX5Z7B9Z,3AQF3RZ559O7AWGY5T2VFFE104U6F2,,,6,36,494,464,babycoat,C:\Users\alfred.datui\Desktop\imageprep\categories\babycoat\pictures\187094834_c1c6bdca23915205dcfbced39d670ad9.jpg
13,246,https://cfshopeesg-a.akamaihd.net/file/437dea7d34b3100d5841b616ca7a5469,A39ZQZ2T5Z7JSB,3K2CEDRACB7GVLLXXR9ZXVU3B5DTM5,3NQL1CS15SEYPDCUBR2RGS1GN89VYD,,,0,137,275,353,babyonesie,C:\Users\alfred.datui\Desktop\imageprep\categories\babycoat\pictures\187095101_437dea7d34b3100d5841b616ca7a5469.jpg
14,306,https://cfshopeesg-a.akamaihd.net/file/6ef975e9ae146ef9c362b6ae16f599da,AN60VY3TJNF8M,3S829FDFT27K88O4P8BT38SFFNADXR,3TS1AR6UQRKQEWU3O37NLTEXVFDF79,,,66,47,377,448,babycoat,C:\Users\alfred.datui\Desktop\imageprep\categories\babycoat\pictures\274692950_6ef975e9ae146ef9c362b6ae16f599da.jpg
15,320,https://cfshopeesg-a.akamaihd.net/file/65f08562bc1f719360a604dc69944659,A1SX029RSF5OJZ,3Z56AA6EK46ATNAL1E16ML2PRX3M6O,3VW6495TLK6FT77ZG2PBNR5A5PDYYR,,,320,358,180,142,babydress,C:\Users\alfred.datui\Desktop\imageprep\categories\babycoat\pictures\78594923_65f08562bc1f719360a604dc69944659.jpg
16,334,https://cfshopeesg-a.akamaihd.net/file/06350ca62429eb75c0b4910f656f5b4f,A3G2NE6QE5W5R,3DTJ4WT8BDLE592JMLAY6BQBNZ9EZI,3QY7M81QH8S1UIMHPEYK16623BVK7H,,,52,35,427,457,babyshirt,C:\Users\alfred.datui\Desktop\imageprep\categories\babycoat\pictures\78717790_06350ca62429eb75c0b4910f656f5b4f.jpg
17,353,https://cfshopeesg-a.akamaihd.net/file/fb0bf28c74e5e0877e5e0beb983127bd,A2CXEAMWU2SFV3,3RZS0FBRWKG5U7GZ3L61PPOUSOPCP2,3OF2M9AATHUKESSN89Q3SQZ1D48KZ9,,,57,141,220,315,babydress,C:\Users\alfred.datui\Desktop\imageprep\categories\babycoat\pictures\90952035_fb0bf28c74e5e0877e5e0beb983127bd.jpg
18,353,https://cfshopeesg-a.akamaihd.net/file/fb0bf28c74e5e0877e5e0beb983127bd,A2CXEAMWU2SFV3,3RZS0FBRWKG5U7GZ3L61PPOUSOPCP2,3OF2M9AATHUKESSN89Q3SQZ1D48KZ9,,,310,153,169,285,babydress,C:\Users\alfred.datui\Desktop\imageprep\categories\babycoat\pictures\90952035_fb0bf28c74e5e0877e5e0beb983127bd.jpg
19,362,https://cfshopeesg-a.akamaihd.net/file/dae1ddb0ef74d63e4f7f7d97532c1faf,A266KTWY0HBD2F,335HHSX8CDBNMIOPK4T70M4LRXQDHX,31JLPPHS2V02JQ69LUNNV6BVIEJO30,,,41,3,424,496,babycoat,C:\Users\alfred.datui\Desktop\imageprep\categories\babycoat\pictures\101627404_dae1ddb0ef74d63e4f7f7d97532c1faf.jpg
20,405,https://cfshopeesg-a.akamaihd.net/file/154380a80ac1c3de3484302cfb774d85,A2CXEAMWU2SFV3,31GECDVA9JS84KPTEYUPXP531XO66Y,3KKG4CDWKJ4KUZL7JJ9O8L8C1FT49N,,,54,11,192,489,babycoat,C:\Users\alfred.datui\Desktop\imageprep\categories\babycoat\pictures\280161927_154380a80ac1c3de3484302cfb774d85.jpg
21,405,https://cfshopeesg-a.akamaihd.net/file/154380a80ac1c3de3484302cfb774d85,A2CXEAMWU2SFV3,31GECDVA9JS84KPTEYUPXP531XO66Y,3KKG4CDWKJ4KUZL7JJ9O8L8C1FT49N,,,297,22,203,462,babycoat,C:\Users\alfred.datui\Desktop\imageprep\categories\babycoat\pictures\280161927_154380a80ac1c3de3484302cfb774d85.jpg
22,412,https://cfshopeesg-a.akamaihd.net/file/0b7f7f5c66933f2e9d2f79fa8fa50fcd,A2CXEAMWU2SFV3,3ZQA3IO31BX3M4U08O42JT0DEM1O16,3WETL7AQWUEGBG0RGFROM0B41JF53D,,,27,6,425,491,babyhat,C:\Users\alfred.datui\Desktop\imageprep\categories\babycoat\pictures\101815712_0b7f7f5c66933f2e9d2f79fa8fa50fcd.jpg
23,438,https://cfshopeesg-a.akamaihd.net/file/0a4a4ea246e4bbd94ecbe7122f2fdac6,A1V88N4CAYSGXK,36FFXPMST9UEQFFEAD7NBGGKVBYHOZ,3MD9PLUKKJKLMYDQ5MIJKIG57ZDNZH,,,26,170,269,291,babycoat,C:\Users\alfred.datui\Desktop\imageprep\categories\babycoat\pictures\78852269_0a4a4ea246e4bbd94ecbe7122f2fdac6.jpg
24,451,https://cfshopeesg-a.akamaihd.net/file/9e3fb95468e48600ae02c7bd4820f3d5,A39ZQZ2T5Z7JSB,336OE47KI2QRDPJ06OF17BKF6S7WVF,317HQ483I8YZR8OG5IUXKNDFBMAINE,,,63,84,369,369,babycoat,C:\Users\alfred.datui\Desktop\imageprep\categories\babycoat\pictures\195612315_9e3fb95468e48600ae02c7bd4820f3d5.jpg
25,464,https://cfshopeesg-a.akamaihd.net/file/b479b63fecaaf2b146497068f406e523,A1BZUM7HG83VC8,375VMB7D4JPNIDZ9QMBS0Y50RA5DIQ,37UQDCYH6Y1FATGTOICR3FHJJ92V7E,,,104,8,262,492,babydress,C:\Users\alfred.datui\Desktop\imageprep\categories\babycoat\pictures\102003468_b479b63fecaaf2b146497068f406e523.jpg
26,474,https://cfshopeesg-a.akamaihd.net/file/6e0c0a805ee9c8bf032e85abea5ead8c,A2CXEAMWU2SFV3,32TZXEA1OLQZIBKIP4PT5VU8XV214A,3FDJT1UU75EM7E8Y1LJN3MS6C515KO,,,129,21,274,367,babycoat,C:\Users\alfred.datui\Desktop\imageprep\categories\babycoat\pictures\196741347_6e0c0a805ee9c8bf032e85abea5ead8c.jpg
27,505,https://cfshopeesg-a.akamaihd.net/file/4af84b4360d9a6b57ef196d7a638ea10,A2CXEAMWU2SFV3,3VIVIU06FKIQM75M3FAVJOSU0OYMII,3FTOP5WARGUS1NGFMUDZLCW2G8P0JY,,,68,22,405,460,babybib,C:\Users\alfred.datui\Desktop\imageprep\categories\babycoat\pictures\91332247_4af84b4360d9a6b57ef196d7a638ea10.jpg
28,555,https://cfshopeesg-a.akamaihd.net/file/55ce87e1db6e57adc0aa16a5f6e878af,A39ZQZ2T5Z7JSB,34OWYT6U3WNBFNMSE66QE2MA0PRI9F,3XUHV3NRVL4V5O7QV0GQQUCEKOV5HI,,,41,133,217,317,notincluded,C:\Users\alfred.datui\Desktop\imageprep\categories\babycoat\pictures\91460625_55ce87e1db6e57adc0aa16a5f6e878af.jpg
29,569,https://cfshopeesg-a.akamaihd.net/file/5d48ba628521fae4dfa9034072c503c0,A2CXEAMWU2SFV3,3M4KL7H8KVTDXYOW8SI82TEMTM816V,3SB4CE2TJW1PXKJMV0PT1RGU0SGXAA,,,313,98,181,269,babyshirt,C:\Users\alfred.datui\Desktop\imageprep\categories\babycoat\pictures\20236998_5d48ba628521fae4dfa9034072c503c0.jpg
30,590,https://cfshopeesg-a.akamaihd.net/file/1d37bd0b6c13058edcec7ed1cd6f6640,A1BZUM7HG83VC8,3BFNCI9LYKWSB1GGE61JW0TFMH637O,3EQHHY4HQTYH5SCFBUY85U0D5OKG5W,,,5,80,480,398,babydress,C:\Users\alfred.datui\Desktop\imageprep\categories\babycoat\pictures\85828256_1d37bd0b6c13058edcec7ed1cd6f6640.jpg
31,595,https://cfshopeesg-a.akamaihd.net/file/805eda1ee3a9a623784becedee3627db,A1SX029RSF5OJZ,3U18MJKL1US5RM4MN6T9L0JZS9OCN6,3GFK2QRXXAND2E2FQZ2QRXM1ZC9W5A,,,115,6,281,316,babycoat,C:\Users\alfred.datui\Desktop\imageprep\categories\babycoat\pictures\79584085_805eda1ee3a9a623784becedee3627db.jpg
32,612,https://cfshopeesg-a.akamaihd.net/file/603fef1e3a0131a6625fc6ed4da6b9d0,A266KTWY0HBD2F,36D1BWBEHN7MBMRKECP3W8LDBS12MN,3A7Y0R2P2PU0YDMQP626UQJDQFAJXC,,,69,33,96,132,babydress,C:\Users\alfred.datui\Desktop\imageprep\categories\babycoat\pictures\102950215_603fef1e3a0131a6625fc6ed4da6b9d0.jpg
33,620,https://cfshopeesg-a.akamaihd.net/file/30c1ea6fc8b8837cd4696a67461478f0,A2CXEAMWU2SFV3,32CXT5U14G9GA9YI3VPQX9FAAEW8UO,3RXPCZQMQQHIHABWA7WW24NWT8E1GY,,,247,132,231,313,babydress,C:\Users\alfred.datui\Desktop\imageprep\categories\babycoat\pictures\206644577_30c1ea6fc8b8837cd4696a67461478f0.jpg
34,625,https://cfshopeesg-a.akamaihd.net/file/4223b60f59432e013f614c0b87889a00,A266KTWY0HBD2F,3ZTE0JGGCEYN974YOLTM0PJ4IJTCOL,37U1UTWH9WSRH04VP3ZNGIOB9NV8RL,,,38,7,462,487,babydress,C:\Users\alfred.datui\Desktop\imageprep\categories\babycoat\pictures\79645457_4223b60f59432e013f614c0b87889a00.jpg
35,649,https://cfshopeesg-a.akamaihd.net/file/c57cd4ad2c1c1fa804e7dc33f06d903a,A3G2NE6QE5W5R,3VMV5CHJZ8LG3BPBMOB4KQA6FJ2GTL,3LEP4MGT3H6GIOJXAEOD2VX82SPBDH,,,62,94,297,396,notincluded,C:\Users\alfred.datui\Desktop\imageprep\categories\babycoat\pictures\3670087_c57cd4ad2c1c1fa804e7dc33f06d903a.jpg
36,652,https://cfshopeesg-a.akamaihd.net/file/ee6541d1e1da7d918f2a82d845ba6872,A1SX029RSF5OJZ,3A520CCNWN6D41UBATUZPIZ2EE2AED,3AUQQEL7U6Z1SIG93JRIO07WBVX0VK,,,91,57,394,363,babydress,C:\Users\alfred.datui\Desktop\imageprep\categories\babycoat\pictures\91529298_ee6541d1e1da7d918f2a82d845ba6872.jpg
37,661,https://cfshopeesg-a.akamaihd.net/file/af118cc2c2218c72bab1735214ce1a09,A1SX029RSF5OJZ,3C8QQOM6JP76GPN1339GJBD50J7ILB,3V26SBZTBEKF3NR98ATDF5NEHDLZZA,,,240,5,208,495,babydress,C:\Users\alfred.datui\Desktop\imageprep\categories\babycoat\pictures\103087460_af118cc2c2218c72bab1735214ce1a09.jpg
38,671,https://cfshopeesg-a.akamaihd.net/file/08d8154673c62689da0821dc390442ce,A3G2NE6QE5W5R,3O0M2G5VC68H7GNDTH4MK1CRV7Q49M,3VSOLARPKCFZC323J545YGG6NFY392,,,59,22,441,478,babybib,C:\Users\alfred.datui\Desktop\imageprep\categories\babycoat\pictures\39742908_08d8154673c62689da0821dc390442ce.jpg
39,733,https://cfshopeesg-a.akamaihd.net/file/e73c95b5be551db57ebb76561d40be05,A2CXEAMWU2SFV3,33Q5P9PUSPSZ8BI5QU43GNQ82NVZC9,3TK8OJTYM2R4GZKTK4683184J37PVE,,,118,127,277,363,babydress,C:\Users\alfred.datui\Desktop\imageprep\categories\babycoat\pictures\211270646_e73c95b5be551db57ebb76561d40be05.jpg
40,773,https://cfshopeesg-a.akamaihd.net/file/95188b5bebad1b2e1dfa5774467cf09a,A39ZQZ2T5Z7JSB,3OB6JN3A9QV3F685T244XGTLNKHRMR,3RJSC4XJ110KUO1UXS95K2DXY7T50G,,,93,150,106,215,babycoat,C:\Users\alfred.datui\Desktop\imageprep\categories\babycoat\pictures\91811062_95188b5bebad1b2e1dfa5774467cf09a.jpg
41,774,https://cfshopeesg-a.akamaihd.net/file/a01bedef4de30167e360a41e8593180e,A2QC21DWJ0VM6,3M47JKRKCX7V8Y8H7DRNH31U7SE86M,39JEC7537V7LMABPFZK2J19XKKSCVN,,,4,2,496,247,babycoat,C:\Users\alfred.datui\Desktop\imageprep\categories\babycoat\pictures\86333471_a01bedef4de30167e360a41e8593180e.jpg
42,774,https://cfshopeesg-a.akamaihd.net/file/a01bedef4de30167e360a41e8593180e,A2QC21DWJ0VM6,3M47JKRKCX7V8Y8H7DRNH31U7SE86M,39JEC7537V7LMABPFZK2J19XKKSCVN,,,3,254,497,245,babycoat,C:\Users\alfred.datui\Desktop\imageprep\categories\babycoat\pictures\86333471_a01bedef4de30167e360a41e8593180e.jpg
43,816,https://cfshopeesg-a.akamaihd.net/file/1619029a703174039a3cb0e4cd53f58e,AINMFTHWAVKNA,3PMR2DOWOO7Y6TL1QRR58L7P9B745V,3KKG4CDWKJ4KUZL7JJ9O8L8C1FT94S,,,82,18,113,232,babydress,C:\Users\alfred.datui\Desktop\imageprep\categories\babycoat\pictures\216554874_1619029a703174039a3cb0e4cd53f58e.jpg
44,816,https://cfshopeesg-a.akamaihd.net/file/1619029a703174039a3cb0e4cd53f58e,AINMFTHWAVKNA,3PMR2DOWOO7Y6TL1QRR58L7P9B745V,3KKG4CDWKJ4KUZL7JJ9O8L8C1FT94S,,,319,29,119,222,babycoat,C:\Users\alfred.datui\Desktop\imageprep\categories\babycoat\pictures\216554874_1619029a703174039a3cb0e4cd53f58e.jpg
45,816,https://cfshopeesg-a.akamaihd.net/file/1619029a703174039a3cb0e4cd53f58e,AINMFTHWAVKNA,3PMR2DOWOO7Y6TL1QRR58L7P9B745V,3KKG4CDWKJ4KUZL7JJ9O8L8C1FT94S,,,75,262,163,238,babydress,C:\Users\alfred.datui\Desktop\imageprep\categories\babycoat\pictures\216554874_1619029a703174039a3cb0e4cd53f58e.jpg
46,816,https://cfshopeesg-a.akamaihd.net/file/1619029a703174039a3cb0e4cd53f58e,AINMFTHWAVKNA,3PMR2DOWOO7Y6TL1QRR58L7P9B745V,3KKG4CDWKJ4KUZL7JJ9O8L8C1FT94S,,,329,269,107,231,babydress,C:\Users\alfred.datui\Desktop\imageprep\categories\babycoat\pictures\216554874_1619029a703174039a3cb0e4cd53f58e.jpg
47,830,https://cfshopeesg-a.akamaihd.net/file/d8057c4b183876221fd3170997606f7d,A2CXEAMWU2SFV3,3FK4G712NX6IEGLNSO0VZZXN1BHSSR,3DQQ64TANHRHVOKYAEB4P3RIQCAWPW,,,127,8,272,423,babydress,C:\Users\alfred.datui\Desktop\imageprep\categories\babycoat\pictures\103897118_d8057c4b183876221fd3170997606f7d.jpg
48,957,https://cfshopeesg-a.akamaihd.net/file/12d834b7b5b03f8c6ecc4ae76aa09470,A1V88N4CAYSGXK,3SV8KD29L4YHR9UTI7L1463G7W4ZKM,3G2UL9A02EKUV31SNA4JRN1K2GB67Y,,,110,104,323,318,babydress,C:\Users\alfred.datui\Desktop\imageprep\categories\babycoat\pictures\223089498_12d834b7b5b03f8c6ecc4ae76aa09470.jpg
49,1043,https://cfshopeesg-a.akamaihd.net/file/a3eccbf56746da1d3fc538ed90c4594a,A3G2NE6QE5W5R,3BO3NEOQM0NPK6WX6CKQAXXU679IAU,3PB5A5BD0WCWSWQYZND53EE9WUFG7B,,,63,8,340,492,babydress,C:\Users\alfred.datui\Desktop\imageprep\categories\babycoat\pictures\81447571_a3eccbf56746da1d3fc538ed90c4594a.jpg
50,1047,https://cfshopeesg-a.akamaihd.net/file/eb57bcf846d8900ef9f26ea5d7b18692,A2CXEAMWU2SFV3,37VHPF5VYC9KOFHIH44Q33T43EP8CE,3R3YRB5GRG9XGGPRQVE6HKHQ6AZUAF,,,134,6,307,486,babyonesie,C:\Users\alfred.datui\Desktop\imageprep\categories\babycoat\pictures\87428481_eb57bcf846d8900ef9f26ea5d7b18692.jpg
51,1057,https://cfshopeesg-a.akamaihd.net/file/085057176971f6c81293008a65e2f4bf,A2QG1N2LFV0VXW,31J7RYECZLWVGJR3VWOARCWJJHX1L3,3ZDAD0O1T2JUCGIV10GAWW6MOH0TXQ,,,165,256,240,218,babycoat,C:\Users\alfred.datui\Desktop\imageprep\categories\babycoat\pictures\228388275_085057176971f6c81293008a65e2f4bf.jpg
52,1057,https://cfshopeesg-a.akamaihd.net/file/085057176971f6c81293008a65e2f4bf,A2QG1N2LFV0VXW,31J7RYECZLWVGJR3VWOARCWJJHX1L3,3ZDAD0O1T2JUCGIV10GAWW6MOH0TXQ,,,24,235,212,214,babycoat,C:\Users\alfred.datui\Desktop\imageprep\categories\babycoat\pictures\228388275_085057176971f6c81293008a65e2f4bf.jpg
53,1057,https://cfshopeesg-a.akamaihd.net/file/085057176971f6c81293008a65e2f4bf,A2QG1N2LFV0VXW,31J7RYECZLWVGJR3VWOARCWJJHX1L3,3ZDAD0O1T2JUCGIV10GAWW6MOH0TXQ,,,14,155,229,161,babycoat,C:\Users\alfred.datui\Desktop\imageprep\categories\babycoat\pictures\228388275_085057176971f6c81293008a65e2f4bf.jpg
54,1057,https://cfshopeesg-a.akamaihd.net/file/085057176971f6c81293008a65e2f4bf,A2QG1N2LFV0VXW,31J7RYECZLWVGJR3VWOARCWJJHX1L3,3ZDAD0O1T2JUCGIV10GAWW6MOH0TXQ,,,156,31,208,120,babycoat,C:\Users\alfred.datui\Desktop\imageprep\categories\babycoat\pictures\228388275_085057176971f6c81293008a65e2f4bf.jpg
55,1078,https://cfshopeesg-a.akamaihd.net/file/9345f32c481734cf2a8b816da8b1b75b,A2CXEAMWU2SFV3,37VHPF5VYC9KOFHIH44Q33T43EPC8I,3MHW492WW1JYVWNGSOEGMXE9EYXMVG,,,54,34,222,463,babydress,C:\Users\alfred.datui\Desktop\imageprep\categories\babycoat\pictures\62176418_9345f32c481734cf2a8b816da8b1b75b.jpg
56,1078,https://cfshopeesg-a.akamaihd.net/file/9345f32c481734cf2a8b816da8b1b75b,A2CXEAMWU2SFV3,37VHPF5VYC9KOFHIH44Q33T43EPC8I,3MHW492WW1JYVWNGSOEGMXE9EYXMVG,,,325,27,175,473,babycoat,C:\Users\alfred.datui\Desktop\imageprep\categories\babycoat\pictures\62176418_9345f32c481734cf2a8b816da8b1b75b.jpg
57,1092,https://cfshopeesg-a.akamaihd.net/file/9b4d5ffa9da28b665873acb57c7dac63,A1BZUM7HG83VC8,30QQTY5GMKQCAVTZTQXKJ9JFZUQ7U0,3OWEPKL08AI22O7KMRQ0TYN6X60N7P,,,73,4,354,481,babycoat,C:\Users\alfred.datui\Desktop\imageprep\categories\babycoat\pictures\92576232_9b4d5ffa9da28b665873acb57c7dac63.jpg
58,1116,https://cfshopeesg-a.akamaihd.net/file/db9df820992cdd32a6938a5ee9647767,A2CXEAMWU2SFV3,3NQUW096N6ED5OUYZ9336IE2HTL9LK,3ZAZR5XV02O2VUGZGW9547MT8VZCZO,,,78,64,368,386,babycoat,C:\Users\alfred.datui\Desktop\imageprep\categories\babycoat\pictures\62925863_db9df820992cdd32a6938a5ee9647767.jpg
59,1127,https://cfshopeesg-a.akamaihd.net/file/b4371a4c462334fdc69c2f8522a4ff07,A266KTWY0HBD2F,3IKDQS3DQE6DDLTVQQGHGSNI6AUICW,382M9COHEIL06T6360GSD37HRPXUEA,,,0,99,190,363,babycoat,C:\Users\alfred.datui\Desktop\imageprep\categories\babycoat\pictures\92634758_b4371a4c462334fdc69c2f8522a4ff07.jpg
60,1130,https://cfshopeesg-a.akamaihd.net/file/2b9f64fd3f8c1c9ce61d77b9daabdcb1,A3G2NE6QE5W5R,3MQKOF1EE2U5J8JEF3F71PE86L3WDG,3JNQLM5FT5S5SN7T42TQKF29HVF2LN,,,66,34,434,414,babycoat,C:\Users\alfred.datui\Desktop\imageprep\categories\babycoat\pictures\87482675_2b9f64fd3f8c1c9ce61d77b9daabdcb1.jpg
61,1140,https://cfshopeesg-a.akamaihd.net/file/45745c50837ecf89644bb6a9579e613f,A3G2NE6QE5W5R,3PGQRAZX02QFA2XWRUSKHLLOIWDYSB,3E337GFOLAELVHILFUUUZB0ZW9JGNL,,,91,37,283,463,babydress,C:\Users\alfred.datui\Desktop\imageprep\categories\babycoat\pictures\87482900_45745c50837ecf89644bb6a9579e613f.jpg
62,1150,https://cfshopeesg-a.akamaihd.net/file/07522147a40632e83215eac868af0c29,A29MM3QH9J9AI5,3DWGDA5POFAYCO3X90QGELULAFZ1VM,30BUDKLTXE1JLEGO5Z8K5RF1S83E5B,,,21,318,138,138,babydress,C:\Users\alfred.datui\Desktop\imageprep\categories\babycoat\pictures\63470262_07522147a40632e83215eac868af0c29.jpg
63,1150,https://cfshopeesg-a.akamaihd.net/file/07522147a40632e83215eac868af0c29,A29MM3QH9J9AI5,3DWGDA5POFAYCO3X90QGELULAFZ1VM,30BUDKLTXE1JLEGO5Z8K5RF1S83E5B,,,17,182,141,128,babydress,C:\Users\alfred.datui\Desktop\imageprep\categories\babycoat\pictures\63470262_07522147a40632e83215eac868af0c29.jpg
64,1150,https://cfshopeesg-a.akamaihd.net/file/07522147a40632e83215eac868af0c29,A29MM3QH9J9AI5,3DWGDA5POFAYCO3X90QGELULAFZ1VM,30BUDKLTXE1JLEGO5Z8K5RF1S83E5B,,,0,45,188,131,babydress,C:\Users\alfred.datui\Desktop\imageprep\categories\babycoat\pictures\63470262_07522147a40632e83215eac868af0c29.jpg
65,1150,https://cfshopeesg-a.akamaihd.net/file/07522147a40632e83215eac868af0c29,A29MM3QH9J9AI5,3DWGDA5POFAYCO3X90QGELULAFZ1VM,30BUDKLTXE1JLEGO5Z8K5RF1S83E5B,,,192,40,139,133,babycoat,C:\Users\alfred.datui\Desktop\imageprep\categories\babycoat\pictures\63470262_07522147a40632e83215eac868af0c29.jpg
66,1150,https://cfshopeesg-a.akamaihd.net/file/07522147a40632e83215eac868af0c29,A29MM3QH9J9AI5,3DWGDA5POFAYCO3X90QGELULAFZ1VM,30BUDKLTXE1JLEGO5Z8K5RF1S83E5B,,,354,41,126,130,babycoat,C:\Users\alfred.datui\Desktop\imageprep\categories\babycoat\pictures\63470262_07522147a40632e83215eac868af0c29.jpg
67,1150,https://cfshopeesg-a.akamaihd.net/file/07522147a40632e83215eac868af0c29,A29MM3QH9J9AI5,3DWGDA5POFAYCO3X90QGELULAFZ1VM,30BUDKLTXE1JLEGO5Z8K5RF1S83E5B,,,190,177,124,133,babycoat,C:\Users\alfred.datui\Desktop\imageprep\categories\babycoat\pictures\63470262_07522147a40632e83215eac868af0c29.jpg
68,1150,https://cfshopeesg-a.akamaihd.net/file/07522147a40632e83215eac868af0c29,A29MM3QH9J9AI5,3DWGDA5POFAYCO3X90QGELULAFZ1VM,30BUDKLTXE1JLEGO5Z8K5RF1S83E5B,,,352,174,122,130,babydress,C:\Users\alfred.datui\Desktop\imageprep\categories\babycoat\pictures\63470262_07522147a40632e83215eac868af0c29.jpg
69,1150,https://cfshopeesg-a.akamaihd.net/file/07522147a40632e83215eac868af0c29,A29MM3QH9J9AI5,3DWGDA5POFAYCO3X90QGELULAFZ1VM,30BUDKLTXE1JLEGO5Z8K5RF1S83E5B,,,194,314,109,135,babydress,C:\Users\alfred.datui\Desktop\imageprep\categories\babycoat\pictures\63470262_07522147a40632e83215eac868af0c29.jpg
70,1150,https://cfshopeesg-a.akamaihd.net/file/07522147a40632e83215eac868af0c29,A29MM3QH9J9AI5,3DWGDA5POFAYCO3X90QGELULAFZ1VM,30BUDKLTXE1JLEGO5Z8K5RF1S83E5B,,,347,313,123,135,babydress,C:\Users\alfred.datui\Desktop\imageprep\categories\babycoat\pictures\63470262_07522147a40632e83215eac868af0c29.jpg
71,1158,https://cfshopeesg-a.akamaihd.net/file/2f822c6caede40bb3b7d6a6ca617cd64,A3G2NE6QE5W5R,39N6W9XWRDTCKXO5WUY3S72LULKGYA,3QFUFYSY9ZLTV9CKM59GIHUN4DO4FF,,,13,0,479,500,babyonesie,C:\Users\alfred.datui\Desktop\imageprep\categories\babycoat\pictures\231232314_2f822c6caede40bb3b7d6a6ca617cd64.jpg
72,1164,https://cfshopeesg-a.akamaihd.net/file/73216a0b5c5f5366b5d96095efb830a2,A2CXEAMWU2SFV3,3EGKVCRQFWYGTGGUG86PRWBOE8SBYO,3DUZQ9U6SNU1TR0LCLA2Y6DF6NNVS9,,,9,32,154,217,babydress,C:\Users\alfred.datui\Desktop\imageprep\categories\babycoat\pictures\231274399_73216a0b5c5f5366b5d96095efb830a2.jpg
73,1164,https://cfshopeesg-a.akamaihd.net/file/73216a0b5c5f5366b5d96095efb830a2,A2CXEAMWU2SFV3,3EGKVCRQFWYGTGGUG86PRWBOE8SBYO,3DUZQ9U6SNU1TR0LCLA2Y6DF6NNVS9,,,174,2,178,266,babydress,C:\Users\alfred.datui\Desktop\imageprep\categories\babycoat\pictures\231274399_73216a0b5c5f5366b5d96095efb830a2.jpg
74,1164,https://cfshopeesg-a.akamaihd.net/file/73216a0b5c5f5366b5d96095efb830a2,A2CXEAMWU2SFV3,3EGKVCRQFWYGTGGUG86PRWBOE8SBYO,3DUZQ9U6SNU1TR0LCLA2Y6DF6NNVS9,,,373,19,127,217,babydress,C:\Users\alfred.datui\Desktop\imageprep\categories\babycoat\pictures\231274399_73216a0b5c5f5366b5d96095efb830a2.jpg
75,1164,https://cfshopeesg-a.akamaihd.net/file/73216a0b5c5f5366b5d96095efb830a2,A2CXEAMWU2SFV3,3EGKVCRQFWYGTGGUG86PRWBOE8SBYO,3DUZQ9U6SNU1TR0LCLA2Y6DF6NNVS9,,,372,260,121,240,babycoat,C:\Users\alfred.datui\Desktop\imageprep\categories\babycoat\pictures\231274399_73216a0b5c5f5366b5d96095efb830a2.jpg
76,1164,https://cfshopeesg-a.akamaihd.net/file/73216a0b5c5f5366b5d96095efb830a2,A2CXEAMWU2SFV3,3EGKVCRQFWYGTGGUG86PRWBOE8SBYO,3DUZQ9U6SNU1TR0LCLA2Y6DF6NNVS9,,,203,274,128,206,babydress,C:\Users\alfred.datui\Desktop\imageprep\categories\babycoat\pictures\231274399_73216a0b5c5f5366b5d96095efb830a2.jpg
77,1164,https://cfshopeesg-a.akamaihd.net/file/73216a0b5c5f5366b5d96095efb830a2,A2CXEAMWU2SFV3,3EGKVCRQFWYGTGGUG86PRWBOE8SBYO,3DUZQ9U6SNU1TR0LCLA2Y6DF6NNVS9,,,26,265,120,235,babydress,C:\Users\alfred.datui\Desktop\imageprep\categories\babycoat\pictures\231274399_73216a0b5c5f5366b5d96095efb830a2.jpg
78,1189,https://cfshopeesg-a.akamaihd.net/file/f57448c130d438e83dddfea9dfa3da06,A29MM3QH9J9AI5,3QMELQS6Y5H1Q3ND6MXN8KWZXK26RW,32UTUBMZ7H22C5JJ1ZO78H3F2ZRVBY,,,31,100,259,382,babydress,C:\Users\alfred.datui\Desktop\imageprep\categories\babycoat\pictures\64180053_f57448c130d438e83dddfea9dfa3da06.jpg
79,1200,https://cfshopeesg-a.akamaihd.net/file/ecc263059363dbf5039e0523940bd90a,A39ZQZ2T5Z7JSB,31MCUE39BKSB4URH795D2D68LKP3GR,3LPW2N6LKU80AADAVZNP9914EWX5UJ,,,68,11,353,465,babyonesie,C:\Users\alfred.datui\Desktop\imageprep\categories\babycoat\pictures\87822446_ecc263059363dbf5039e0523940bd90a.jpg
80,1219,https://cfshopeesg-a.akamaihd.net/file/e342cff9af791ba27757115881964023,A3G2NE6QE5W5R,3XT3KXP24Z4OX4KUGZ3EUSV8AOJ6IS,3IRIK4HM3BQ07KWOERCU79TY3R26CR,,,42,74,447,426,babycoat,C:\Users\alfred.datui\Desktop\imageprep\categories\babycoat\pictures\236054101_e342cff9af791ba27757115881964023.jpg
81,1225,https://cfshopeesg-a.akamaihd.net/file/8bb6c0fb7ebbfd532217b83610a854dd,A39ZQZ2T5Z7JSB,30OITAWPBQ9BJSB88OO5EQLV0CCH9L,3W92K5RLWVN0NP2A0PXU5V3NS35V5X,,,23,2,477,485,babyonesie,C:\Users\alfred.datui\Desktop\imageprep\categories\babycoat\pictures\65258603_8bb6c0fb7ebbfd532217b83610a854dd.jpg
82,1228,https://cfshopeesg-a.akamaihd.net/file/0226d8ca70b4f036c808d3019f072768,A3G2NE6QE5W5R,3HYV4299H02ZLD1WDVALTRT7OQ28E7,39KFRKBFIO13ZT3XAFGDL078RFEYOG,,,118,445,1,1,babydress,C:\Users\alfred.datui\Desktop\imageprep\categories\babycoat\pictures\87865689_0226d8ca70b4f036c808d3019f072768.jpg
83,1246,https://cfshopeesg-a.akamaihd.net/file/8fbacd12aef8b748d78ed833a0f01a9c,A3G2NE6QE5W5R,3D4BBDG7ZH2YNIBC5N9UCMLTNSXC3Q,3JCG6DTRV4WXB3PRYIRNXJZ677FQQD,,,41,46,420,385,babycoat,C:\Users\alfred.datui\Desktop\imageprep\categories\babycoat\pictures\236446343_8fbacd12aef8b748d78ed833a0f01a9c.jpg
84,1250,https://cfshopeesg-a.akamaihd.net/file/615a8d4a4043e22b6f59d257345b3996,A2CXEAMWU2SFV3,3D3B8GE892X3W99WR1WANZNMM3M9PI,3HMIGG0U4MC0E1GH3YRHOEH8CAB8YO,,,44,11,423,365,babyonesie,C:\Users\alfred.datui\Desktop\imageprep\categories\babycoat\pictures\66308862_615a8d4a4043e22b6f59d257345b3996.jpg
85,1269,https://cfshopeesg-a.akamaihd.net/file/b3b459a1cb2801a6515d17221400acb1,A1BZUM7HG83VC8,3VDI8GSXAFZX5RXNJQ09TUEJ16H8GO,3DQQ64TANHRHVOKYAEB4P3RIQCAPWP,,,11,110,94,181,babydress,C:\Users\alfred.datui\Desktop\imageprep\categories\babycoat\pictures\88021908_b3b459a1cb2801a6515d17221400acb1.jpg
86,1269,https://cfshopeesg-a.akamaihd.net/file/b3b459a1cb2801a6515d17221400acb1,A1BZUM7HG83VC8,3VDI8GSXAFZX5RXNJQ09TUEJ16H8GO,3DQQ64TANHRHVOKYAEB4P3RIQCAPWP,,,124,112,117,182,babycoat,C:\Users\alfred.datui\Desktop\imageprep\categories\babycoat\pictures\88021908_b3b459a1cb2801a6515d17221400acb1.jpg
87,1269,https://cfshopeesg-a.akamaihd.net/file/b3b459a1cb2801a6515d17221400acb1,A1BZUM7HG83VC8,3VDI8GSXAFZX5RXNJQ09TUEJ16H8GO,3DQQ64TANHRHVOKYAEB4P3RIQCAPWP,,,348,291,1,1,babycoat,C:\Users\alfred.datui\Desktop\imageprep\categories\babycoat\pictures\88021908_b3b459a1cb2801a6515d17221400acb1.jpg
88,1269,https://cfshopeesg-a.akamaihd.net/file/b3b459a1cb2801a6515d17221400acb1,A1BZUM7HG83VC8,3VDI8GSXAFZX5RXNJQ09TUEJ16H8GO,3DQQ64TANHRHVOKYAEB4P3RIQCAPWP,,,366,113,121,197,babycoat,C:\Users\alfred.datui\Desktop\imageprep\categories\babycoat\pictures\88021908_b3b459a1cb2801a6515d17221400acb1.jpg
89,1269,https://cfshopeesg-a.akamaihd.net/file/b3b459a1cb2801a6515d17221400acb1,A1BZUM7HG83VC8,3VDI8GSXAFZX5RXNJQ09TUEJ16H8GO,3DQQ64TANHRHVOKYAEB4P3RIQCAPWP,,,9,293,126,136,babycoat,C:\Users\alfred.datui\Desktop\imageprep\categories\babycoat\pictures\88021908_b3b459a1cb2801a6515d17221400acb1.jpg
90,1269,https://cfshopeesg-a.akamaihd.net/file/b3b459a1cb2801a6515d17221400acb1,A1BZUM7HG83VC8,3VDI8GSXAFZX5RXNJQ09TUEJ16H8GO,3DQQ64TANHRHVOKYAEB4P3RIQCAPWP,,,142,294,95,132,babycoat,C:\Users\alfred.datui\Desktop\imageprep\categories\babycoat\pictures\88021908_b3b459a1cb2801a6515d17221400acb1.jpg
91,1269,https://cfshopeesg-a.akamaihd.net/file/b3b459a1cb2801a6515d17221400acb1,A1BZUM7HG83VC8,3VDI8GSXAFZX5RXNJQ09TUEJ16H8GO,3DQQ64TANHRHVOKYAEB4P3RIQCAPWP,,,249,293,115,136,babycoat,C:\Users\alfred.datui\Desktop\imageprep\categories\babycoat\pictures\88021908_b3b459a1cb2801a6515d17221400acb1.jpg
92,1269,https://cfshopeesg-a.akamaihd.net/file/b3b459a1cb2801a6515d17221400acb1,A1BZUM7HG83VC8,3VDI8GSXAFZX5RXNJQ09TUEJ16H8GO,3DQQ64TANHRHVOKYAEB4P3RIQCAPWP,,,365,313,133,113,babycoat,C:\Users\alfred.datui\Desktop\imageprep\categories\babycoat\pictures\88021908_b3b459a1cb2801a6515d17221400acb1.jpg
93,1274,https://cfshopeesg-a.akamaihd.net/file/a09a7714576dc935d9be94d788e41073,A39ZQZ2T5Z7JSB,301KG0KX9CR0J8Q9NF9Q43DHU62H2T,3TEM0PF1Q63FY1GNCYROIE1PBOR0DJ,,,0,147,153,221,babycoat,C:\Users\alfred.datui\Desktop\imageprep\categories\babycoat\pictures\236998934_a09a7714576dc935d9be94d788e41073.jpg
94,1283,https://cfshopeesg-a.akamaihd.net/file/2628bbd17a6446ad8727ae6d00b3134e,A1SX029RSF5OJZ,3P4ZBJFX2V92HSXA69AXPPHTIYJWFR,3P59JYT76MQTB0FYDBVH66CQB812TQ,,,125,107,117,192,babydress,C:\Users\alfred.datui\Desktop\imageprep\categories\babycoat\pictures\88022771_2628bbd17a6446ad8727ae6d00b3134e.jpg
95,1322,https://cfshopeesg-a.akamaihd.net/file/48bd15f2c0b4d6ccfe7e936604798a07,A3G2NE6QE5W5R,3TKXBROM5TG0LZZ10IX33W0DWU3IJA,3XC1O3LBOTSZCM16NHDML2BZH8RLTX,,,115,44,289,456,babyshirt,C:\Users\alfred.datui\Desktop\imageprep\categories\babycoat\pictures\93530115_48bd15f2c0b4d6ccfe7e936604798a07.jpg
96,1326,https://cfshopeesg-a.akamaihd.net/file/0d6ed8e2c3cf6b971a98aec470b5ecb5,A266KTWY0HBD2F,3ACRLU860NKINBZ3G7UVKTJ8WWNEBC,3TPWUS5F8A7Y1ZBU59PY53SBRTVWCI,,,144,17,79,136,babydress,C:\Users\alfred.datui\Desktop\imageprep\categories\babycoat\pictures\238758268_0d6ed8e2c3cf6b971a98aec470b5ecb5.jpg
97,1344,https://cfshopeesg-a.akamaihd.net/file/76c13edfb6fc9a303b4b35bb6ef811f8,A2EUHH8GUB39O9,3Z3R5YC0P3TAPBTGB45M25AUE41TFY,32Q90QCQ1TRM3X1RCMCQ7GYJPYYEKW,,,18,94,245,313,babycoat,C:\Users\alfred.datui\Desktop\imageprep\categories\babycoat\pictures\88218543_76c13edfb6fc9a303b4b35bb6ef811f8.jpg
98,1344,https://cfshopeesg-a.akamaihd.net/file/76c13edfb6fc9a303b4b35bb6ef811f8,A2EUHH8GUB39O9,3Z3R5YC0P3TAPBTGB45M25AUE41TFY,32Q90QCQ1TRM3X1RCMCQ7GYJPYYEKW,,,259,86,231,319,babycoat,C:\Users\alfred.datui\Desktop\imageprep\categories\babycoat\pictures\88218543_76c13edfb6fc9a303b4b35bb6ef811f8.jpg
99,1355,https://cfshopeesg-a.akamaihd.net/file/fd35c653986fd6a5febf39a732fbfb0b,A2CXEAMWU2SFV3,3IWA71V4TIMLNZ9PFL3FX2INY1N6XS,3GLB5JMZFY1C95R8Q0GR36O5I5IGD4,,,135,22,317,405,babydress,C:\Users\alfred.datui\Desktop\imageprep\categories\babycoat\pictures\69163555_fd35c653986fd6a5febf39a732fbfb0b.jpg
100,1375,https://cfshopeesg-a.akamaihd.net/file/ec52a1bceeaa6398f4a322b684d4aee0,A3G2NE6QE5W5R,3FW4EL5A3LUW4INR4U6JHZ7F5NK22W,3L4PIM1GQUM6W6VD27XHFVCD22XYRO,,,31,19,469,474,babydress,C:\Users\alfred.datui\Desktop\imageprep\categories\babycoat\pictures\69653289_ec52a1bceeaa6398f4a322b684d4aee0.jpg
101,1425,https://cfshopeesg-a.akamaihd.net/file/c69cf546947f5cfd8fcf62028e8d1470,A3G2NE6QE5W5R,3TTPFEFXCTQO199AAHLTUGUTAB4H6A,3EQHHY4HQTYH5SCFBUY85U0D5OK5GL,,,44,28,428,429,babycoat,C:\Users\alfred.datui\Desktop\imageprep\categories\babycoat\pictures\244525171_c69cf546947f5cfd8fcf62028e8d1470.jpg
102,1435,https://cfshopeesg-a.akamaihd.net/file/6187ae29d0e23577f65ac4f2a4055af8,A3G2NE6QE5W5R,35NNO802AV2W4PQMFGPVW3HU5E8INE,337RC3OW068EPE5VSCD1MKZKET7LVD,,,43,11,457,489,babycoat,C:\Users\alfred.datui\Desktop\imageprep\categories\babycoat\pictures\93856708_6187ae29d0e23577f65ac4f2a4055af8.jpg
103,1456,https://cfshopeesg-a.akamaihd.net/file/f64c4a65dd9938168796e0aeab404f6f,A2CXEAMWU2SFV3,3ATYLI1PRT8AHLA4YDA8NTWZ832JO6,30BUDKLTXE1JLEGO5Z8K5RF1S84E5C,,,146,12,94,116,babyshirt,C:\Users\alfred.datui\Desktop\imageprep\categories\babycoat\pictures\70600339_f64c4a65dd9938168796e0aeab404f6f.jpg
104,1456,https://cfshopeesg-a.akamaihd.net/file/f64c4a65dd9938168796e0aeab404f6f,A2CXEAMWU2SFV3,3ATYLI1PRT8AHLA4YDA8NTWZ832JO6,30BUDKLTXE1JLEGO5Z8K5RF1S84E5C,,,31,10,91,121,babyslings,C:\Users\alfred.datui\Desktop\imageprep\categories\babycoat\pictures\70600339_f64c4a65dd9938168796e0aeab404f6f.jpg
105,1456,https://cfshopeesg-a.akamaihd.net/file/f64c4a65dd9938168796e0aeab404f6f,A2CXEAMWU2SFV3,3ATYLI1PRT8AHLA4YDA8NTWZ832JO6,30BUDKLTXE1JLEGO5Z8K5RF1S84E5C,,,269,20,91,113,babydress,C:\Users\alfred.datui\Desktop\imageprep\categories\babycoat\pictures\70600339_f64c4a65dd9938168796e0aeab404f6f.jpg
106,1456,https://cfshopeesg-a.akamaihd.net/file/f64c4a65dd9938168796e0aeab404f6f,A2CXEAMWU2SFV3,3ATYLI1PRT8AHLA4YDA8NTWZ832JO6,30BUDKLTXE1JLEGO5Z8K5RF1S84E5C,,,393,16,90,112,babydress,C:\Users\alfred.datui\Desktop\imageprep\categories\babycoat\pictures\70600339_f64c4a65dd9938168796e0aeab404f6f.jpg
107,1456,https://cfshopeesg-a.akamaihd.net/file/f64c4a65dd9938168796e0aeab404f6f,A2CXEAMWU2SFV3,3ATYLI1PRT8AHLA4YDA8NTWZ832JO6,30BUDKLTXE1JLEGO5Z8K5RF1S84E5C,,,18,153,99,91,babydress,C:\Users\alfred.datui\Desktop\imageprep\categories\babycoat\pictures\70600339_f64c4a65dd9938168796e0aeab404f6f.jpg
108,1456,https://cfshopeesg-a.akamaihd.net/file/f64c4a65dd9938168796e0aeab404f6f,A2CXEAMWU2SFV3,3ATYLI1PRT8AHLA4YDA8NTWZ832JO6,30BUDKLTXE1JLEGO5Z8K5RF1S84E5C,,,150,136,89,196,babycoat,C:\Users\alfred.datui\Desktop\imageprep\categories\babycoat\pictures\70600339_f64c4a65dd9938168796e0aeab404f6f.jpg
109,1456,https://cfshopeesg-a.akamaihd.net/file/f64c4a65dd9938168796e0aeab404f6f,A2CXEAMWU2SFV3,3ATYLI1PRT8AHLA4YDA8NTWZ832JO6,30BUDKLTXE1JLEGO5Z8K5RF1S84E5C,,,269,158,101,183,babydress,C:\Users\alfred.datui\Desktop\imageprep\categories\babycoat\pictures\70600339_f64c4a65dd9938168796e0aeab404f6f.jpg
110,1456,https://cfshopeesg-a.akamaihd.net/file/f64c4a65dd9938168796e0aeab404f6f,A2CXEAMWU2SFV3,3ATYLI1PRT8AHLA4YDA8NTWZ832JO6,30BUDKLTXE1JLEGO5Z8K5RF1S84E5C,,,393,143,77,112,babydress,C:\Users\alfred.datui\Desktop\imageprep\categories\babycoat\pictures\70600339_f64c4a65dd9938168796e0aeab404f6f.jpg
111,1456,https://cfshopeesg-a.akamaihd.net/file/f64c4a65dd9938168796e0aeab404f6f,A2CXEAMWU2SFV3,3ATYLI1PRT8AHLA4YDA8NTWZ832JO6,30BUDKLTXE1JLEGO5Z8K5RF1S84E5C,,,386,273,93,82,babydress,C:\Users\alfred.datui\Desktop\imageprep\categories\babycoat\pictures\70600339_f64c4a65dd9938168796e0aeab404f6f.jpg
112,1456,https://cfshopeesg-a.akamaihd.net/file/f64c4a65dd9938168796e0aeab404f6f,A2CXEAMWU2SFV3,3ATYLI1PRT8AHLA4YDA8NTWZ832JO6,30BUDKLTXE1JLEGO5Z8K5RF1S84E5C,,,27,269,102,89,babydress,C:\Users\alfred.datui\Desktop\imageprep\categories\babycoat\pictures\70600339_f64c4a65dd9938168796e0aeab404f6f.jpg
113,1456,https://cfshopeesg-a.akamaihd.net/file/f64c4a65dd9938168796e0aeab404f6f,A2CXEAMWU2SFV3,3ATYLI1PRT8AHLA4YDA8NTWZ832JO6,30BUDKLTXE1JLEGO5Z8K5RF1S84E5C,,,5,375,121,116,babydress,C:\Users\alfred.datui\Desktop\imageprep\categories\babycoat\pictures\70600339_f64c4a65dd9938168796e0aeab404f6f.jpg
114,1456,https://cfshopeesg-a.akamaihd.net/file/f64c4a65dd9938168796e0aeab404f6f,A2CXEAMWU2SFV3,3ATYLI1PRT8AHLA4YDA8NTWZ832JO6,30BUDKLTXE1JLEGO5Z8K5RF1S84E5C,,,159,376,85,114,babycoat,C:\Users\alfred.datui\Desktop\imageprep\categories\babycoat\pictures\70600339_f64c4a65dd9938168796e0aeab404f6f.jpg
115,1456,https://cfshopeesg-a.akamaihd.net/file/f64c4a65dd9938168796e0aeab404f6f,A2CXEAMWU2SFV3,3ATYLI1PRT8AHLA4YDA8NTWZ832JO6,30BUDKLTXE1JLEGO5Z8K5RF1S84E5C,,,280,380,67,110,babydress,C:\Users\alfred.datui\Desktop\imageprep\categories\babycoat\pictures\70600339_f64c4a65dd9938168796e0aeab404f6f.jpg
116,1456,https://cfshopeesg-a.akamaihd.net/file/f64c4a65dd9938168796e0aeab404f6f,A2CXEAMWU2SFV3,3ATYLI1PRT8AHLA4YDA8NTWZ832JO6,30BUDKLTXE1JLEGO5Z8K5RF1S84E5C,,,395,371,89,123,babydress,C:\Users\alfred.datui\Desktop\imageprep\categories\babycoat\pictures\70600339_f64c4a65dd9938168796e0aeab404f6f.jpg
117,1483,https://cfshopeesg-a.akamaihd.net/file/0769c90c0eeaf4c34b5e8838bbe0eb25,A2CXEAMWU2SFV3,3AXFSPQOYQ4GB8XBZARI0ZNLG2BJFK,33PPUNGG39B61W5IYTZ0T2LF8W2RZ9,,,42,52,227,412,babydress,C:\Users\alfred.datui\Desktop\imageprep\categories\babycoat\pictures\245704248_0769c90c0eeaf4c34b5e8838bbe0eb25.jpg
118,1534,https://cfshopeesg-a.akamaihd.net/file/f6d78e5e2b7c67c839a7ffb4ede51cc9,A266KTWY0HBD2F,34ZTTGSNJXUHBRSUPQZR0LBKACFQHF,3LPW2N6LKU80AADAVZNP9914EWYU59,,,110,54,294,260,babydress,C:\Users\alfred.datui\Desktop\imageprep\categories\babycoat\pictures\108524884_f6d78e5e2b7c67c839a7ffb4ede51cc9.jpg
119,1563,https://cfshopeesg-a.akamaihd.net/file/61f84945f736b46d0bff3ae6e8347974,A2CXEAMWU2SFV3,3UY4PIS8QRRL4JUO794P4408OCXN1R,3OUYGIZWR84ONYJDH7IJI8IEP7W0PZ,,,175,84,265,378,babydress,C:\Users\alfred.datui\Desktop\imageprep\categories\babycoat\pictures\94269701_61f84945f736b46d0bff3ae6e8347974.jpg
120,1576,https://cfshopeesg-a.akamaihd.net/file/c79f1528850fffc56620510f396048af,A39ZQZ2T5Z7JSB,3HJ1EVZS2OP2TK0VNKZP1HKFNT03RN,31EUONYN2W9MVZ8S54TTE13E9YAVO2,,,104,2,136,142,babycoat,C:\Users\alfred.datui\Desktop\imageprep\categories\babycoat\pictures\89239823_c79f1528850fffc56620510f396048af.jpg
121,1612,https://cfshopeesg-a.akamaihd.net/file/47be7056922ca758fef0de409f782fb7,A2CXEAMWU2SFV3,3TY2U1TEB7GWGAJ7I0I3FXFD99SJJN,3RU7GD8VPPZOO73PQ913SEOXKZEPSA,,,9,159,175,235,babyshirt,C:\Users\alfred.datui\Desktop\imageprep\categories\babycoat\pictures\252143122_47be7056922ca758fef0de409f782fb7.jpg
122,1620,https://cfshopeesg-a.akamaihd.net/file/18f06de783a73cdfcfd6d9fcdc5a7b67,A3G2NE6QE5W5R,36KM3FWE3RIWU9HJVJJ0U2V8J5M07Q,3ZV9H2YQQEDAOZFBCGEXC0OHLGJ3WS,,,88,146,403,295,babyslings,C:\Users\alfred.datui\Desktop\imageprep\categories\babycoat\pictures\108873001_18f06de783a73cdfcfd6d9fcdc5a7b67.jpg
123,1656,https://cfshopeesg-a.akamaihd.net/file/83bcb844257a1fe721860bcb9698013c,A266KTWY0HBD2F,3MD8CKRQZZTDEY2KQ5RCHO14JQMJRF,3X4MXAO0BHU2710DN6FTUYRXRUYWRO,,,191,193,226,263,babycoat,C:\Users\alfred.datui\Desktop\imageprep\categories\babycoat\pictures\72950522_83bcb844257a1fe721860bcb9698013c.jpg
124,1686,https://cfshopeesg-a.akamaihd.net/file/ff13cb0d39c06dfcee45146aa10035d6,A1SX029RSF5OJZ,30Y6N4AHYP20BC2SG951EQ6RE6ORD8,39OWYR0EPLX9TGQ4BCXNY6YUZEOFYC,,,66,83,260,225,babycoat,C:\Users\alfred.datui\Desktop\imageprep\categories\babycoat\pictures\89730806_ff13cb0d39c06dfcee45146aa10035d6.jpg
125,1697,https://cfshopeesg-a.akamaihd.net/file/f2307ea20fbd4ea9bf1de7604b3ca0ba,A1SX029RSF5OJZ,367O8HRHKGEZCVJC2N4D1WHHNVF4SX,3TU5ZICBRE7R5ZPVCOANBSE6D1U8QL,,,300,228,130,184,babydress,C:\Users\alfred.datui\Desktop\imageprep\categories\babycoat\pictures\73340114_f2307ea20fbd4ea9bf1de7604b3ca0ba.jpg
126,1758,https://cfshopeesg-a.akamaihd.net/file/a770e66506bc4e33046a703a70326e85,A3G2NE6QE5W5R,3IWA71V4TIMLNZ9PFL3FX2INY1NX6J,3CCZ6YKWR8P2QIP7XOSYDDEQ1BO95X,,,55,36,445,432,notincluded,C:\Users\alfred.datui\Desktop\imageprep\categories\babycoat\pictures\83771255_a770e66506bc4e33046a703a70326e85.jpg
127,1780,https://cfshopeesg-a.akamaihd.net/file/862395db58c08a874126d91dc9a26e15,A2CXEAMWU2SFV3,32204AGAABIQY2YGMUUF677I4P7HGC,33FBRBDW6P5NBYFC769SRNPP9MT8CG,,,11,23,269,459,babydress,C:\Users\alfred.datui\Desktop\imageprep\categories\babycoat\pictures\261743909_862395db58c08a874126d91dc9a26e15.jpg
128,1780,https://cfshopeesg-a.akamaihd.net/file/862395db58c08a874126d91dc9a26e15,A2CXEAMWU2SFV3,32204AGAABIQY2YGMUUF677I4P7HGC,33FBRBDW6P5NBYFC769SRNPP9MT8CG,,,318,15,182,318,babydress,C:\Users\alfred.datui\Desktop\imageprep\categories\babycoat\pictures\261743909_862395db58c08a874126d91dc9a26e15.jpg
129,1803,https://cfshopeesg-a.akamaihd.net/file/49768a18a26e41149c5931a26c9fa4e2,A2QC21DWJ0VM6,36KM3FWE3RIWU9HJVJJ0U2V8J5M70X,3N4BPTXIO9Y3STYD2MRVBYKMBMRUKS,,,125,130,143,150,babyshirt,C:\Users\alfred.datui\Desktop\imageprep\categories\babycoat\pictures\261845377_49768a18a26e41149c5931a26c9fa4e2.jpg
130,1803,https://cfshopeesg-a.akamaihd.net/file/49768a18a26e41149c5931a26c9fa4e2,A2QC21DWJ0VM6,36KM3FWE3RIWU9HJVJJ0U2V8J5M70X,3N4BPTXIO9Y3STYD2MRVBYKMBMRUKS,,,140,283,105,54,babypants,C:\Users\alfred.datui\Desktop\imageprep\categories\babycoat\pictures\261845377_49768a18a26e41149c5931a26c9fa4e2.jpg
131,1803,https://cfshopeesg-a.akamaihd.net/file/49768a18a26e41149c5931a26c9fa4e2,A2QC21DWJ0VM6,36KM3FWE3RIWU9HJVJJ0U2V8J5M70X,3N4BPTXIO9Y3STYD2MRVBYKMBMRUKS,,,273,140,115,123,babyshirt,C:\Users\alfred.datui\Desktop\imageprep\categories\babycoat\pictures\261845377_49768a18a26e41149c5931a26c9fa4e2.jpg
132,1803,https://cfshopeesg-a.akamaihd.net/file/49768a18a26e41149c5931a26c9fa4e2,A2QC21DWJ0VM6,36KM3FWE3RIWU9HJVJJ0U2V8J5M70X,3N4BPTXIO9Y3STYD2MRVBYKMBMRUKS,,,278,271,90,64,babypants,C:\Users\alfred.datui\Desktop\imageprep\categories\babycoat\pictures\261845377_49768a18a26e41149c5931a26c9fa4e2.jpg
133,1826,https://cfshopeesg-a.akamaihd.net/file/e8dd9c9cd3f79c9e7beebd0d67226133,A3G2NE6QE5W5R,30ZKOOGW2WCEK00ZY5ZKIYG8P5YA1U,3D4CH1LGEBZ06FEREKBPHA5FRK2G9M,,,35,102,457,330,babyshirt,C:\Users\alfred.datui\Desktop\imageprep\categories\babycoat\pictures\76640130_e8dd9c9cd3f79c9e7beebd0d67226133.jpg
134,1851,https://cfshopeesg-a.akamaihd.net/file/cd863239d1e1f125cd3d8aa84e3befb1,A3G2NE6QE5W5R,3PIOQ99R7YS1DGLM9XE9F655Z9VUNY,3N1FSUEFL66WXPYOVZEQUHR2S094D5,,,13,0,487,500,babydress,C:\Users\alfred.datui\Desktop\imageprep\categories\babycoat\pictures\109643942_cd863239d1e1f125cd3d8aa84e3befb1.jpg
135,1886,https://cfshopeesg-a.akamaihd.net/file/0ac440cec484780846d30a26f2367fb8,ASTUVXX56HNU2,37SOB9Z0SS3RQM5II02TF5BGH1BL3F,3EJPLAJKENMDFD7Y65W2I7UJC9MZ6H,,,11,154,307,257,babyshirt,C:\Users\alfred.datui\Desktop\imageprep\categories\babycoat\pictures\109861853_0ac440cec484780846d30a26f2367fb8.jpg
136,1886,https://cfshopeesg-a.akamaihd.net/file/0ac440cec484780846d30a26f2367fb8,ASTUVXX56HNU2,37SOB9Z0SS3RQM5II02TF5BGH1BL3F,3EJPLAJKENMDFD7Y65W2I7UJC9MZ6H,,,251,160,239,258,babyshirt,C:\Users\alfred.datui\Desktop\imageprep\categories\babycoat\pictures\109861853_0ac440cec484780846d30a26f2367fb8.jpg
137,1895,https://cfshopeesg-a.akamaihd.net/file/7d6b1a580374e750a4ffde14a137bb78,A3G2NE6QE5W5R,3Q7TKIAPOTGP8E7FBP85SEXS8E0DL5,3TDXMTX3CC0RKNIO618GICRTGWMI65,,,31,17,436,483,babyshirt,C:\Users\alfred.datui\Desktop\imageprep\categories\babycoat\pictures\96190754_7d6b1a580374e750a4ffde14a137bb78.jpg
138,1902,https://cfshopeesg-a.akamaihd.net/file/9653bdf493dca88de2e77772d5a6a688,A29MM3QH9J9AI5,3HXK2V1N4KLMJCVY39R8J31GF6PG2T,3RXCAC0YISV0SAVH9S5BHEA47EJ8GO,,,54,5,402,494,babydress,C:\Users\alfred.datui\Desktop\imageprep\categories\babycoat\pictures\96233053_9653bdf493dca88de2e77772d5a6a688.jpg
139,1949,https://cfshopeesg-a.akamaihd.net/file/e78465b64bc5e6d829e7782bacff198b,A2CXEAMWU2SFV3,3SU800BH86YMGDYEPP6QJ00A4KIUQL,31N2WW6R9SW8DDTGMR4X8C2HQDT3FU,,,252,36,206,134,babydress,C:\Users\alfred.datui\Desktop\imageprep\categories\babycoat\pictures\110009021_e78465b64bc5e6d829e7782bacff198b.jpg
140,1949,https://cfshopeesg-a.akamaihd.net/file/e78465b64bc5e6d829e7782bacff198b,A2CXEAMWU2SFV3,3SU800BH86YMGDYEPP6QJ00A4KIUQL,31N2WW6R9SW8DDTGMR4X8C2HQDT3FU,,,115,289,197,184,babydress,C:\Users\alfred.datui\Desktop\imageprep\categories\babycoat\pictures\110009021_e78465b64bc5e6d829e7782bacff198b.jpg
141,1949,https://cfshopeesg-a.akamaihd.net/file/e78465b64bc5e6d829e7782bacff198b,A2CXEAMWU2SFV3,3SU800BH86YMGDYEPP6QJ00A4KIUQL,31N2WW6R9SW8DDTGMR4X8C2HQDT3FU,,,41,12,208,131,babydress,C:\Users\alfred.datui\Desktop\imageprep\categories\babycoat\pictures\110009021_e78465b64bc5e6d829e7782bacff198b.jpg
142,1971,https://cfshopeesg-a.akamaihd.net/file/e1de1e41a369fe7b78f9a8ccc202e7e3,A2CXEAMWU2SFV3,391FPZIE4CS93KZB6ZJWAM89DXMUHP,304SM51WA4AMKD2F74J2XUJ83VZSBS,,,13,20,237,456,babyonesie,C:\Users\alfred.datui\Desktop\imageprep\categories\babycoat\pictures\96631974_e1de1e41a369fe7b78f9a8ccc202e7e3.jpg
143,1971,https://cfshopeesg-a.akamaihd.net/file/e1de1e41a369fe7b78f9a8ccc202e7e3,A2CXEAMWU2SFV3,391FPZIE4CS93KZB6ZJWAM89DXMUHP,304SM51WA4AMKD2F74J2XUJ83VZSBS,,,289,14,211,484,babyslings,C:\Users\alfred.datui\Desktop\imageprep\categories\babycoat\pictures\96631974_e1de1e41a369fe7b78f9a8ccc202e7e3.jpg
144,2070,https://cfshopeesg-a.akamaihd.net/file/1c16f4cdb8173e2d1dd961434ea596f1,A1BZUM7HG83VC8,372AGES0I4BE9I79796D8X9JUO1XRH,36AHBNMV1SICVWC8K62XA6V9N18DYZ,,,36,124,426,271,babydress,C:\Users\alfred.datui\Desktop\imageprep\categories\babycoat\pictures\110471883_1c16f4cdb8173e2d1dd961434ea596f1.jpg
145,2140,https://cfshopeesg-a.akamaihd.net/file/91ecae15a37c2f289ef27e02ced5b349,A266KTWY0HBD2F,31S7M7DAGGWWP33CXF8KXIFEB0OTL4,3I7DHKZYGO6BRSGK0ASQN90149JF5V,,,20,19,472,463,babydress,C:\Users\alfred.datui\Desktop\imageprep\categories\babycoat\pictures\122090791_91ecae15a37c2f289ef27e02ced5b349.jpg
146,2157,https://cfshopeesg-a.akamaihd.net/file/98729a7870ee3ce5592afd099ebce188,A39ZQZ2T5Z7JSB,3FK4G712NX6IEGLNSO0VZZXN1BISSS,3KXIR214I5M9UF08YAU9YY0YV9I24S,,,7,128,260,307,babycoat,C:\Users\alfred.datui\Desktop\imageprep\categories\babycoat\pictures\98266844_98729a7870ee3ce5592afd099ebce188.jpg
147,2313,https://cfshopeesg-a.akamaihd.net/file/a143996d09330b95b054ccd76d9a3838,A3G2NE6QE5W5R,3CO05SML7VB6CS1Y4XH6ZJM8KHH0RQ,3PEIJLRY6UZM4XMPW5LLJGDLSBJXWL,,,66,52,373,428,babydress,C:\Users\alfred.datui\Desktop\imageprep\categories\babycoat\pictures\114449084_a143996d09330b95b054ccd76d9a3838.jpg
148,2348,https://cfshopeesg-a.akamaihd.net/file/786c74d0256725cfc28c920bc825ae17,A2CXEAMWU2SFV3,3Z3R5YC0P3TAPBTGB45M25AUE42TFZ,34QN5IT0T0X3H6KWVQG8WMNO0XW08F,,,166,33,220,435,babycoat,C:\Users\alfred.datui\Desktop\imageprep\categories\babycoat\pictures\114581883_786c74d0256725cfc28c920bc825ae17.jpg
149,2451,https://cfshopeesg-a.akamaihd.net/file/97ab4dee03a0ec77ba051925eadca23d,A3G2NE6QE5W5R,368IUKXGA5EGEQ7YTUTY3PWKW2F6P5,3PZDLQMM0URCPJDNRP0RHWCMNM12C7,,,100,0,342,500,babycoat,C:\Users\alfred.datui\Desktop\imageprep\categories\babycoat\pictures\129724086_97ab4dee03a0ec77ba051925eadca23d.jpg
150,2645,https://cfshopeesg-a.akamaihd.net/file/19233846f3071cac84300f52aa12095b,A3G2NE6QE5W5R,378G7J1SJL4ABEXEBYQR77WT6X5WEA,3U84XHCDIDJZ0Q3KNH3NL9A5GIIZ4Y,,,34,0,453,478,babydress,C:\Users\alfred.datui\Desktop\imageprep\categories\babycoat\pictures\172653400_19233846f3071cac84300f52aa12095b.jpg
